{"v":"5.7.0","fr":30,"ip":0,"op":150,"w":1440,"h":680,"nm":"컴포지션 1","ddd":0,"assets":[],"layers":[{"ddd":0,"ind":1,"ty":4,"nm":"모양 레이어 2","sr":1,"ks":{"o":{"a":0,"k":10,"ix":11},"r":{"a":0,"k":-2.122,"ix":10},"p":{"a":0,"k":[740,232,0],"ix":2},"a":{"a":0,"k":[24,-992,0],"ix":1},"s":{"a":0,"k":[166.629,166.629,100],"ix":6}},"ao":0,"ef":[{"ty":5,"nm":"파도 비틀기","np":10,"mn":"ADBE Wave Warp","ix":1,"en":1,"ef":[{"ty":7,"nm":"물결 유형","mn":"ADBE Wave Warp-0001","ix":1,"v":{"a":0,"k":1,"ix":1}},{"ty":0,"nm":"물결 높이","mn":"ADBE Wave Warp-0002","ix":2,"v":{"a":0,"k":44,"ix":2}},{"ty":0,"nm":"물결 폭","mn":"ADBE Wave Warp-0003","ix":3,"v":{"a":0,"k":564.3,"ix":3}},{"ty":0,"nm":"방향","mn":"ADBE Wave Warp-0004","ix":4,"v":{"a":0,"k":90,"ix":4}},{"ty":7,"nm":"물결 속력","mn":"ADBE Wave Warp-0005","ix":5,"v":{"a":0,"k":0.4,"ix":5}},{"ty":7,"nm":"고정","mn":"ADBE Wave Warp-0006","ix":6,"v":{"a":0,"k":6,"ix":6}},{"ty":0,"nm":"위상","mn":"ADBE Wave Warp-0007","ix":7,"v":{"a":0,"k":0,"ix":7}},{"ty":7,"nm":"앤티 앨리어스(최고 품질)","mn":"ADBE Wave Warp-0008","ix":8,"v":{"a":0,"k":1,"ix":8}}]},{"ty":5,"nm":"그라디언트 경사","np":10,"mn":"ADBE Ramp","ix":2,"en":1,"ef":[{"ty":3,"nm":"경사 시작","mn":"ADBE Ramp-0001","ix":1,"v":{"a":0,"k":[1699.84,92.677],"ix":1}},{"ty":2,"nm":"시작 색상","mn":"ADBE Ramp-0002","ix":2,"v":{"a":0,"k":[0.372549027205,0.364705890417,0.917647063732,1],"ix":2}},{"ty":3,"nm":"경사 끝","mn":"ADBE Ramp-0003","ix":3,"v":{"a":0,"k":[-296.96,5.583],"ix":3}},{"ty":2,"nm":"끝 색상","mn":"ADBE Ramp-0004","ix":4,"v":{"a":0,"k":[0.498039215803,0.141176477075,0.988235294819,1],"ix":4}},{"ty":7,"nm":"경사 모양","mn":"ADBE Ramp-0005","ix":5,"v":{"a":0,"k":1,"ix":5}},{"ty":0,"nm":"경사 분산","mn":"ADBE Ramp-0006","ix":6,"v":{"a":0,"k":0,"ix":6}},{"ty":0,"nm":"원본과 혼합","mn":"ADBE Ramp-0007","ix":7,"v":{"a":0,"k":0,"ix":7}},{"ty":6,"nm":"","mn":"ADBE Ramp-0008","ix":8,"v":0}]}],"shapes":[{"ty":"gr","it":[{"ty":"rc","d":1,"s":{"a":0,"k":[1131.766,456.062],"ix":2},"p":{"a":0,"k":[0,0],"ix":3},"r":{"a":0,"k":0,"ix":4},"nm":"사각형 패스 1","mn":"ADBE Vector Shape - Rect","hd":false},{"ty":"fl","c":{"a":0,"k":[0.403921568627,0.309803921569,0.933333333333,1],"ix":4},"o":{"a":0,"k":100,"ix":5},"r":1,"bm":0,"nm":"칠 1","mn":"ADBE Vector Graphic - Fill","hd":false},{"ty":"tr","p":{"a":0,"k":[-1.484,-1011.32],"ix":2},"a":{"a":0,"k":[0,0],"ix":1},"s":{"a":0,"k":[99.575,91.52],"ix":3},"r":{"a":0,"k":0,"ix":6},"o":{"a":0,"k":100,"ix":7},"sk":{"a":0,"k":0,"ix":4},"sa":{"a":0,"k":0,"ix":5},"nm":"변형"}],"nm":"사각형 1","np":3,"cix":2,"bm":0,"ix":1,"mn":"ADBE Vector Group","hd":false}],"ip":-14,"op":286,"st":-14,"bm":0},{"ddd":0,"ind":2,"ty":4,"nm":"모양 레이어 4","sr":-1,"ks":{"o":{"a":0,"k":20,"ix":11},"r":{"a":0,"k":-4.888,"ix":10},"p":{"a":0,"k":[740,36,0],"ix":2},"a":{"a":0,"k":[24,-992,0],"ix":1},"s":{"a":0,"k":[166.629,166.629,100],"ix":6}},"ao":0,"ef":[{"ty":5,"nm":"파도 비틀기","np":10,"mn":"ADBE Wave Warp","ix":1,"en":1,"ef":[{"ty":7,"nm":"물결 유형","mn":"ADBE Wave Warp-0001","ix":1,"v":{"a":0,"k":1,"ix":1}},{"ty":0,"nm":"물결 높이","mn":"ADBE Wave Warp-0002","ix":2,"v":{"a":0,"k":44,"ix":2}},{"ty":0,"nm":"물결 폭","mn":"ADBE Wave Warp-0003","ix":3,"v":{"a":0,"k":564.3,"ix":3}},{"ty":0,"nm":"방향","mn":"ADBE Wave Warp-0004","ix":4,"v":{"a":0,"k":90,"ix":4}},{"ty":7,"nm":"물결 속력","mn":"ADBE Wave Warp-0005","ix":5,"v":{"a":0,"k":0.4,"ix":5}},{"ty":7,"nm":"고정","mn":"ADBE Wave Warp-0006","ix":6,"v":{"a":0,"k":6,"ix":6}},{"ty":0,"nm":"위상","mn":"ADBE Wave Warp-0007","ix":7,"v":{"a":0,"k":0,"ix":7}},{"ty":7,"nm":"앤티 앨리어스(최고 품질)","mn":"ADBE Wave Warp-0008","ix":8,"v":{"a":0,"k":1,"ix":8}}]}],"shapes":[{"ty":"gr","it":[{"ty":"rc","d":1,"s":{"a":0,"k":[1131.766,456.062],"ix":2},"p":{"a":0,"k":[0,0],"ix":3},"r":{"a":0,"k":0,"ix":4},"nm":"사각형 패스 1","mn":"ADBE Vector Shape - Rect","hd":false},{"ty":"fl","c":{"a":0,"k":[0.23137254902,0.03137254902,0.674509803922,1],"ix":4},"o":{"a":0,"k":100,"ix":5},"r":1,"bm":0,"nm":"칠 1","mn":"ADBE Vector Graphic - Fill","hd":false},{"ty":"tr","p":{"a":0,"k":[-1.484,-1011.32],"ix":2},"a":{"a":0,"k":[0,0],"ix":1},"s":{"a":0,"k":[99.575,91.52],"ix":3},"r":{"a":0,"k":0,"ix":6},"o":{"a":0,"k":100,"ix":7},"sk":{"a":0,"k":0,"ix":4},"sa":{"a":0,"k":0,"ix":5},"nm":"변형"}],"nm":"사각형 1","np":3,"cix":2,"bm":0,"ix":1,"mn":"ADBE Vector Group","hd":false}],"ip":286.99,"op":-13.01,"st":287,"bm":0},{"ddd":0,"ind":3,"ty":4,"nm":"모양 레이어 3","sr":-1,"ks":{"o":{"a":0,"k":20,"ix":11},"r":{"a":0,"k":4.815,"ix":10},"p":{"a":0,"k":[740,56,0],"ix":2},"a":{"a":0,"k":[24,-992,0],"ix":1},"s":{"a":0,"k":[166.629,166.629,100],"ix":6}},"ao":0,"ef":[{"ty":5,"nm":"파도 비틀기","np":10,"mn":"ADBE Wave Warp","ix":1,"en":1,"ef":[{"ty":7,"nm":"물결 유형","mn":"ADBE Wave Warp-0001","ix":1,"v":{"a":0,"k":1,"ix":1}},{"ty":0,"nm":"물결 높이","mn":"ADBE Wave Warp-0002","ix":2,"v":{"a":0,"k":44,"ix":2}},{"ty":0,"nm":"물결 폭","mn":"ADBE Wave Warp-0003","ix":3,"v":{"a":0,"k":564.3,"ix":3}},{"ty":0,"nm":"방향","mn":"ADBE Wave Warp-0004","ix":4,"v":{"a":0,"k":90,"ix":4}},{"ty":7,"nm":"물결 속력","mn":"ADBE Wave Warp-0005","ix":5,"v":{"a":0,"k":0.4,"ix":5}},{"ty":7,"nm":"고정","mn":"ADBE Wave Warp-0006","ix":6,"v":{"a":0,"k":6,"ix":6}},{"ty":0,"nm":"위상","mn":"ADBE Wave Warp-0007","ix":7,"v":{"a":0,"k":0,"ix":7}},{"ty":7,"nm":"앤티 앨리어스(최고 품질)","mn":"ADBE Wave Warp-0008","ix":8,"v":{"a":0,"k":1,"ix":8}}]}],"shapes":[{"ty":"gr","it":[{"ty":"rc","d":1,"s":{"a":0,"k":[1131.766,456.062],"ix":2},"p":{"a":0,"k":[0,0],"ix":3},"r":{"a":0,"k":0,"ix":4},"nm":"사각형 패스 1","mn":"ADBE Vector Shape - Rect","hd":false},{"ty":"fl","c":{"a":0,"k":[0.23137254902,0.03137254902,0.674509803922,1],"ix":4},"o":{"a":0,"k":100,"ix":5},"r":1,"bm":0,"nm":"칠 1","mn":"ADBE Vector Graphic - Fill","hd":false},{"ty":"tr","p":{"a":0,"k":[-1.484,-1011.32],"ix":2},"a":{"a":0,"k":[0,0],"ix":1},"s":{"a":0,"k":[99.575,91.52],"ix":3},"r":{"a":0,"k":0,"ix":6},"o":{"a":0,"k":100,"ix":7},"sk":{"a":0,"k":0,"ix":4},"sa":{"a":0,"k":0,"ix":5},"nm":"변형"}],"nm":"사각형 1","np":3,"cix":2,"bm":0,"ix":1,"mn":"ADBE Vector Group","hd":false}],"ip":286.99,"op":-13.01,"st":287,"bm":0},{"ddd":0,"ind":4,"ty":4,"nm":"모양 레이어 1","sr":1,"ks":{"o":{"a":0,"k":100,"ix":11},"r":{"a":0,"k":-2,"ix":10},"p":{"a":0,"k":[740,188,0],"ix":2},"a":{"a":0,"k":[24,-992,0],"ix":1},"s":{"a":0,"k":[166.629,166.629,100],"ix":6}},"ao":0,"ef":[{"ty":5,"nm":"파도 비틀기","np":10,"mn":"ADBE Wave Warp","ix":1,"en":1,"ef":[{"ty":7,"nm":"물결 유형","mn":"ADBE Wave Warp-0001","ix":1,"v":{"a":0,"k":1,"ix":1}},{"ty":0,"nm":"물결 높이","mn":"ADBE Wave Warp-0002","ix":2,"v":{"a":0,"k":34,"ix":2}},{"ty":0,"nm":"물결 폭","mn":"ADBE Wave Warp-0003","ix":3,"v":{"a":0,"k":564.3,"ix":3}},{"ty":0,"nm":"방향","mn":"ADBE Wave Warp-0004","ix":4,"v":{"a":0,"k":90,"ix":4}},{"ty":7,"nm":"물결 속력","mn":"ADBE Wave Warp-0005","ix":5,"v":{"a":0,"k":0.6,"ix":5}},{"ty":7,"nm":"고정","mn":"ADBE Wave Warp-0006","ix":6,"v":{"a":0,"k":6,"ix":6}},{"ty":0,"nm":"위상","mn":"ADBE Wave Warp-0007","ix":7,"v":{"a":0,"k":0,"ix":7}},{"ty":7,"nm":"앤티 앨리어스(최고 품질)","mn":"ADBE Wave Warp-0008","ix":8,"v":{"a":0,"k":1,"ix":8}}]},{"ty":5,"nm":"그라디언트 경사","np":10,"mn":"ADBE Ramp","ix":2,"en":1,"ef":[{"ty":3,"nm":"경사 시작","mn":"ADBE Ramp-0001","ix":1,"v":{"a":0,"k":[1699.84,92.677],"ix":1}},{"ty":2,"nm":"시작 색상","mn":"ADBE Ramp-0002","ix":2,"v":{"a":0,"k":[0.372549027205,0.364705890417,0.917647063732,1],"ix":2}},{"ty":3,"nm":"경사 끝","mn":"ADBE Ramp-0003","ix":3,"v":{"a":0,"k":[-296.96,5.583],"ix":3}},{"ty":2,"nm":"끝 색상","mn":"ADBE Ramp-0004","ix":4,"v":{"a":0,"k":[0.498039215803,0.141176477075,0.988235294819,1],"ix":4}},{"ty":7,"nm":"경사 모양","mn":"ADBE Ramp-0005","ix":5,"v":{"a":0,"k":1,"ix":5}},{"ty":0,"nm":"경사 분산","mn":"ADBE Ramp-0006","ix":6,"v":{"a":0,"k":0,"ix":6}},{"ty":0,"nm":"원본과 혼합","mn":"ADBE Ramp-0007","ix":7,"v":{"a":0,"k":0,"ix":7}},{"ty":6,"nm":"","mn":"ADBE Ramp-0008","ix":8,"v":0}]}],"shapes":[{"ty":"gr","it":[{"ty":"rc","d":1,"s":{"a":0,"k":[1131.766,456.062],"ix":2},"p":{"a":0,"k":[0,0],"ix":3},"r":{"a":0,"k":0,"ix":4},"nm":"사각형 패스 1","mn":"ADBE Vector Shape - Rect","hd":false},{"ty":"fl","c":{"a":0,"k":[0.403921568627,0.309803921569,0.933333333333,1],"ix":4},"o":{"a":0,"k":100,"ix":5},"r":1,"bm":0,"nm":"칠 1","mn":"ADBE Vector Graphic - Fill","hd":false},{"ty":"tr","p":{"a":0,"k":[-1.484,-1011.32],"ix":2},"a":{"a":0,"k":[0,0],"ix":1},"s":{"a":0,"k":[99.575,91.52],"ix":3},"r":{"a":0,"k":0,"ix":6},"o":{"a":0,"k":100,"ix":7},"sk":{"a":0,"k":0,"ix":4},"sa":{"a":0,"k":0,"ix":5},"nm":"변형"}],"nm":"사각형 1","np":3,"cix":2,"bm":0,"ix":1,"mn":"ADBE Vector Group","hd":false}],"ip":0,"op":300,"st":0,"bm":0},{"ddd":0,"ind":5,"ty":4,"nm":"모양 레이어 5","sr":1,"ks":{"o":{"a":0,"k":100,"ix":11},"r":{"a":0,"k":0,"ix":10},"p":{"a":0,"k":[720,340,0],"ix":2},"a":{"a":0,"k":[0,0,0],"ix":1},"s":{"a":0,"k":[100,100,100],"ix":6}},"ao":0,"shapes":[{"ty":"gr","it":[{"ty":"rc","d":1,"s":{"a":0,"k":[1557.953,807.313],"ix":2},"p":{"a":0,"k":[0,0],"ix":3},"r":{"a":0,"k":0,"ix":4},"nm":"사각형 패스 1","mn":"ADBE Vector Shape - Rect","hd":false},{"ty":"fl","c":{"a":0,"k":[0.96862745098,0.96862745098,0.96862745098,1],"ix":4},"o":{"a":0,"k":100,"ix":5},"r":1,"bm":0,"nm":"칠 1","mn":"ADBE Vector Graphic - Fill","hd":false},{"ty":"tr","p":{"a":0,"k":[2.977,3.656],"ix":2},"a":{"a":0,"k":[0,0],"ix":1},"s":{"a":0,"k":[100,100],"ix":3},"r":{"a":0,"k":0,"ix":6},"o":{"a":0,"k":100,"ix":7},"sk":{"a":0,"k":0,"ix":4},"sa":{"a":0,"k":0,"ix":5},"nm":"변형"}],"nm":"사각형 1","np":3,"cix":2,"bm":0,"ix":1,"mn":"ADBE Vector Group","hd":false}],"ip":0,"op":300,"st":0,"bm":0}],"markers":[]}